<?xml version="1.0" encoding="UTF-8"?>
<project-private xmlns="http://www.netbeans.org/ns/project-private/1">
    <editor-bookmarks xmlns="http://www.netbeans.org/ns/editor-bookmarks/2" lastBookmarkId="0"/>
    <open-files xmlns="http://www.netbeans.org/ns/projectui-open-files/2">
        <group>
            <file>file:/C:/Users/tszakel0632/Documents/NetBeansProjects/ZoorassicPark/src/zoorassicpark/LightsaberToothKlansman.java</file>
            <file>file:/C:/Users/tszakel0632/Documents/NetBeansProjects/ZoorassicPark/src/zoorassicpark/ZoorassicPark.java</file>
            <file>file:/C:/Users/tszakel0632/Documents/NetBeansProjects/ZoorassicPark/src/zoorassicpark/MothMan.java</file>
            <file>file:/C:/Users/tszakel0632/Documents/NetBeansProjects/ZoorassicPark/src/zoorassicpark/CavemanMancave.java</file>
            <file>file:/C:/Users/tszakel0632/Documents/NetBeansProjects/ZoorassicPark/src/zoorassicpark/DerpSteve.java</file>
        </group>
    </open-files>
</project-private>
